
[{"model": "contenttypes.contenttype", "pk": 1, "fields": {"app_label": "admin", "model": "logentry"}}, {"model": "contenttypes.contenttype", "pk": 2, "fields": {"app_label": "auth", "model": "group"}}, {"model": "contenttypes.contenttype", "pk": 3, "fields": {"app_label": "auth", "model": "permission"}}, {"model": "contenttypes.contenttype", "pk": 4, "fields": {"app_label": "auth", "model": "user"}}, {"model": "contenttypes.contenttype", "pk": 5, "fields": {"app_label": "contenttypes", "model": "contenttype"}}, {"model": "contenttypes.contenttype", "pk": 6, "fields": {"app_label": "sessions", "model": "session"}}, {"model": "contenttypes.contenttype", "pk": 7, "fields": {"app_label": "blog", "model": "blog"}}, {"model": "contenttypes.contenttype", "pk": 8, "fields": {"app_label": "blog", "model": "blogtype"}}, {"model": "contenttypes.contenttype", "pk": 9, "fields": {"app_label": "read_statistics", "model": "readnum"}}, {"model": "contenttypes.contenttype", "pk": 10, "fields": {"app_label": "read_statistics", "model": "readdetail"}}, {"model": "contenttypes.contenttype", "pk": 11, "fields": {"app_label": "comment", "model": "comment"}}, {"model": "contenttypes.contenttype", "pk": 12, "fields": {"app_label": "likes", "model": "likerecord"}}, {"model": "contenttypes.contenttype", "pk": 13, "fields": {"app_label": "likes", "model": "likecount"}}, {"model": "contenttypes.contenttype", "pk": 14, "fields": {"app_label": "user", "model": "profile"}}, {"model": "sessions.session", "pk": "u5n2msd08fey9j5tk1oa9oawzvv9dhlw", "fields": {"session_data": "MTE5OGRmODBiMjI1NTAwZWJmZTU2NTA2ZWUxNzkzYmRiNzhiNGQzZjp7Il9hdXRoX3VzZXJfaWQiOiIxIiwiX2F1dGhfdXNlcl9iYWNrZW5kIjoiZGphbmdvLmNvbnRyaWIuYXV0aC5iYWNrZW5kcy5Nb2RlbEJhY2tlbmQiLCJfYXV0aF91c2VyX2hhc2giOiIyYTRhZmJmOTdhODFhODA4MTE1ZGM2ZDIwOThkYzBiOTZlOTdkMGUwIn0=", "expire_date": "2020-06-13T03:26:01.486Z"}}, {"model": "blog.blogtype", "pk": 1, "fields": {"type_name": "\u968f\u7b14"}}, {"model": "blog.blogtype", "pk": 2, "fields": {"type_name": "django"}}, {"model": "blog.blogtype", "pk": 3, "fields": {"type_name": "\u611f\u609f"}}, {"model": "read_statistics.readnum", "pk": 1, "fields": {"read_num": 12, "content_type": 7, "object_id": 1}}, {"model": "read_statistics.readnum", "pk": 2, "fields": {"read_num": 10, "content_type": 7, "object_id": 2}}, {"model": "read_statistics.readnum", "pk": 3, "fields": {"read_num": 4, "content_type": 7, "object_id": 29}}, {"model": "read_statistics.readnum", "pk": 4, "fields": {"read_num": 7, "content_type": 7, "object_id": 30}}, {"model": "read_statistics.readnum", "pk": 5, "fields": {"read_num": 2, "content_type": 7, "object_id": 28}}, {"model": "read_statistics.readnum", "pk": 6, "fields": {"read_num": 1, "content_type": 7, "object_id": 25}}, {"model": "read_statistics.readnum", "pk": 7, "fields": {"read_num": 1, "content_type": 7, "object_id": 17}}, {"model": "read_statistics.readnum", "pk": 8, "fields": {"read_num": 1, "content_type": 7, "object_id": 16}}, {"model": "read_statistics.readnum", "pk": 9, "fields": {"read_num": 2, "content_type": 7, "object_id": 26}}, {"model": "read_statistics.readnum", "pk": 10, "fields": {"read_num": 3, "content_type": 7, "object_id": 27}}, {"model": "read_statistics.readnum", "pk": 11, "fields": {"read_num": 1, "content_type": 7, "object_id": 24}}, {"model": "read_statistics.readnum", "pk": 12, "fields": {"read_num": 1, "content_type": 7, "object_id": 23}}, {"model": "read_statistics.readnum", "pk": 13, "fields": {"read_num": 1, "content_type": 7, "object_id": 22}}, {"model": "read_statistics.readnum", "pk": 14, "fields": {"read_num": 1, "content_type": 7, "object_id": 11}}, {"model": "read_statistics.readnum", "pk": 15, "fields": {"read_num": 1, "content_type": 7, "object_id": 3}}, {"model": "read_statistics.readnum", "pk": 16, "fields": {"read_num": 1, "content_type": 7, "object_id": 4}}, {"model": "read_statistics.readnum", "pk": 17, "fields": {"read_num": 1, "content_type": 7, "object_id": 5}}, {"model": "read_statistics.readnum", "pk": 18, "fields": {"read_num": 1, "content_type": 7, "object_id": 6}}, {"model": "read_statistics.readnum", "pk": 19, "fields": {"read_num": 1, "content_type": 7, "object_id": 7}}, {"model": "read_statistics.readdetail", "pk": 1, "fields": {"date": "2020-05-07", "read_num": 11, "content_type": 7, "object_id": 1}}, {"model": "read_statistics.readdetail", "pk": 2, "fields": {"date": "2020-05-08", "read_num": 2, "content_type": 7, "object_id": 27}}, {"model": "read_statistics.readdetail", "pk": 3, "fields": {"date": "2020-05-08", "read_num": 1, "content_type": 7, "object_id": 24}}, {"model": "read_statistics.readdetail", "pk": 4, "fields": {"date": "2020-05-08", "read_num": 1, "content_type": 7, "object_id": 23}}, {"model": "read_statistics.readdetail", "pk": 5, "fields": {"date": "2020-05-08", "read_num": 1, "content_type": 7, "object_id": 22}}, {"model": "read_statistics.readdetail", "pk": 6, "fields": {"date": "2020-05-06", "read_num": 20, "content_type": 7, "object_id": 11}}, {"model": "read_statistics.readdetail", "pk": 7, "fields": {"date": "2020-05-08", "read_num": 1, "content_type": 7, "object_id": 30}}, {"model": "read_statistics.readdetail", "pk": 8, "fields": {"date": "2020-05-08", "read_num": 1, "content_type": 7, "object_id": 29}}, {"model": "read_statistics.readdetail", "pk": 9, "fields": {"date": "2020-05-08", "read_num": 1, "content_type": 7, "object_id": 28}}, {"model": "read_statistics.readdetail", "pk": 10, "fields": {"date": "2020-05-09", "read_num": 1, "content_type": 7, "object_id": 26}}, {"model": "read_statistics.readdetail", "pk": 11, "fields": {"date": "2020-05-11", "read_num": 1, "content_type": 7, "object_id": 11}}, {"model": "read_statistics.readdetail", "pk": 12, "fields": {"date": "2020-05-14", "read_num": 1, "content_type": 7, "object_id": 1}}, {"model": "read_statistics.readdetail", "pk": 13, "fields": {"date": "2020-05-14", "read_num": 1, "content_type": 7, "object_id": 2}}, {"model": "read_statistics.readdetail", "pk": 14, "fields": {"date": "2020-05-14", "read_num": 1, "content_type": 7, "object_id": 3}}, {"model": "read_statistics.readdetail", "pk": 15, "fields": {"date": "2020-05-14", "read_num": 1, "content_type": 7, "object_id": 4}}, {"model": "read_statistics.readdetail", "pk": 16, "fields": {"date": "2020-05-14", "read_num": 1, "content_type": 7, "object_id": 5}}, {"model": "read_statistics.readdetail", "pk": 17, "fields": {"date": "2020-05-14", "read_num": 1, "content_type": 7, "object_id": 6}}, {"model": "read_statistics.readdetail", "pk": 18, "fields": {"date": "2020-05-14", "read_num": 1, "content_type": 7, "object_id": 7}}, {"model": "read_statistics.readdetail", "pk": 19, "fields": {"date": "2020-05-14", "read_num": 1, "content_type": 7, "object_id": 30}}, {"model": "read_statistics.readdetail", "pk": 20, "fields": {"date": "2020-05-15", "read_num": 1, "content_type": 7, "object_id": 1}}, {"model": "read_statistics.readdetail", "pk": 21, "fields": {"date": "2020-05-15", "read_num": 1, "content_type": 7, "object_id": 30}}, {"model": "read_statistics.readdetail", "pk": 22, "fields": {"date": "2020-05-15", "read_num": 1, "content_type": 7, "object_id": 27}}, {"model": "read_statistics.readdetail", "pk": 23, "fields": {"date": "2020-05-18", "read_num": 1, "content_type": 7, "object_id": 30}}, {"model": "read_statistics.readdetail", "pk": 24, "fields": {"date": "2020-05-27", "read_num": 1, "content_type": 7, "object_id": 30}}, {"model": "read_statistics.readdetail", "pk": 25, "fields": {"date": "2020-05-27", "read_num": 1, "content_type": 7, "object_id": 29}}, {"model": "read_statistics.readdetail", "pk": 26, "fields": {"date": "2020-05-30", "read_num": 1, "content_type": 7, "object_id": 30}}, {"model": "likes.likecount", "pk": 1, "fields": {"content_type": 7, "object_id": 30, "liked_num": 0}}, {"model": "likes.likecount", "pk": 2, "fields": {"content_type": 7, "object_id": 29, "liked_num": 0}}, {"model": "likes.likecount", "pk": 3, "fields": {"content_type": 7, "object_id": 28, "liked_num": 0}}, {"model": "likes.likecount", "pk": 4, "fields": {"content_type": 7, "object_id": 27, "liked_num": 0}}, {"model": "likes.likecount", "pk": 5, "fields": {"content_type": 7, "object_id": 26, "liked_num": 0}}, {"model": "likes.likecount", "pk": 6, "fields": {"content_type": 7, "object_id": 25, "liked_num": 0}}, {"model": "likes.likecount", "pk": 7, "fields": {"content_type": 11, "object_id": 5, "liked_num": 1}}, {"model": "likes.likecount", "pk": 8, "fields": {"content_type": 11, "object_id": 4, "liked_num": 0}}, {"model": "likes.likecount", "pk": 9, "fields": {"content_type": 11, "object_id": 3, "liked_num": 0}}, {"model": "likes.likecount", "pk": 10, "fields": {"content_type": 11, "object_id": 1, "liked_num": 0}}, {"model": "likes.likecount", "pk": 11, "fields": {"content_type": 11, "object_id": 6, "liked_num": 1}}, {"model": "likes.likecount", "pk": 12, "fields": {"content_type": 11, "object_id": 7, "liked_num": 0}}, {"model": "likes.likecount", "pk": 13, "fields": {"content_type": 11, "object_id": 2, "liked_num": 0}}, {"model": "likes.likecount", "pk": 14, "fields": {"content_type": 11, "object_id": 8, "liked_num": 0}}, {"model": "likes.likecount", "pk": 15, "fields": {"content_type": 11, "object_id": 9, "liked_num": 0}}, {"model": "likes.likecount", "pk": 16, "fields": {"content_type": 11, "object_id": 13, "liked_num": 0}}, {"model": "likes.likecount", "pk": 17, "fields": {"content_type": 11, "object_id": 12, "liked_num": 0}}, {"model": "likes.likecount", "pk": 18, "fields": {"content_type": 11, "object_id": 11, "liked_num": 0}}, {"model": "likes.likecount", "pk": 19, "fields": {"content_type": 11, "object_id": 10, "liked_num": 0}}, {"model": "likes.likecount", "pk": 20, "fields": {"content_type": 11, "object_id": 14, "liked_num": 0}}, {"model": "likes.likecount", "pk": 21, "fields": {"content_type": 11, "object_id": 17, "liked_num": 0}}, {"model": "likes.likecount", "pk": 22, "fields": {"content_type": 11, "object_id": 15, "liked_num": 0}}, {"model": "likes.likecount", "pk": 23, "fields": {"content_type": 11, "object_id": 16, "liked_num": 0}}, {"model": "likes.likecount", "pk": 24, "fields": {"content_type": 11, "object_id": 18, "liked_num": 1}}, {"model": "likes.likecount", "pk": 25, "fields": {"content_type": 7, "object_id": 18, "liked_num": 0}}, {"model": "likes.likecount", "pk": 26, "fields": {"content_type": 7, "object_id": 17, "liked_num": 0}}, {"model": "likes.likecount", "pk": 27, "fields": {"content_type": 7, "object_id": 16, "liked_num": 0}}, {"model": "likes.likecount", "pk": 28, "fields": {"content_type": 7, "object_id": 15, "liked_num": 0}}, {"model": "likes.likecount", "pk": 29, "fields": {"content_type": 7, "object_id": 14, "liked_num": 0}}, {"model": "likes.likecount", "pk": 30, "fields": {"content_type": 7, "object_id": 13, "liked_num": 0}}, {"model": "auth.permission", "pk": 1, "fields": {"name": "Can add log entry", "content_type": 1, "codename": "add_logentry"}}, {"model": "auth.permission", "pk": 2, "fields": {"name": "Can change log entry", "content_type": 1, "codename": "change_logentry"}}, {"model": "auth.permission", "pk": 3, "fields": {"name": "Can delete log entry", "content_type": 1, "codename": "delete_logentry"}}, {"model": "auth.permission", "pk": 4, "fields": {"name": "Can view log entry", "content_type": 1, "codename": "view_logentry"}}, {"model": "auth.permission", "pk": 5, "fields": {"name": "Can add permission", "content_type": 3, "codename": "add_permission"}}, {"model": "auth.permission", "pk": 6, "fields": {"name": "Can change permission", "content_type": 3, "codename": "change_permission"}}, {"model": "auth.permission", "pk": 7, "fields": {"name": "Can delete permission", "content_type": 3, "codename": "delete_permission"}}, {"model": "auth.permission", "pk": 8, "fields": {"name": "Can view permission", "content_type": 3, "codename": "view_permission"}}, {"model": "auth.permission", "pk": 9, "fields": {"name": "Can add user", "content_type": 4, "codename": "add_user"}}, {"model": "auth.permission", "pk": 10, "fields": {"name": "Can change user", "content_type": 4, "codename": "change_user"}}, {"model": "auth.permission", "pk": 11, "fields": {"name": "Can delete user", "content_type": 4, "codename": "delete_user"}}, {"model": "auth.permission", "pk": 12, "fields": {"name": "Can view user", "content_type": 4, "codename": "view_user"}}, {"model": "auth.permission", "pk": 13, "fields": {"name": "Can add group", "content_type": 2, "codename": "add_group"}}, {"model": "auth.permission", "pk": 14, "fields": {"name": "Can change group", "content_type": 2, "codename": "change_group"}}, {"model": "auth.permission", "pk": 15, "fields": {"name": "Can delete group", "content_type": 2, "codename": "delete_group"}}, {"model": "auth.permission", "pk": 16, "fields": {"name": "Can view group", "content_type": 2, "codename": "view_group"}}, {"model": "auth.permission", "pk": 17, "fields": {"name": "Can add content type", "content_type": 5, "codename": "add_contenttype"}}, {"model": "auth.permission", "pk": 18, "fields": {"name": "Can change content type", "content_type": 5, "codename": "change_contenttype"}}, {"model": "auth.permission", "pk": 19, "fields": {"name": "Can delete content type", "content_type": 5, "codename": "delete_contenttype"}}, {"model": "auth.permission", "pk": 20, "fields": {"name": "Can view content type", "content_type": 5, "codename": "view_contenttype"}}, {"model": "auth.permission", "pk": 21, "fields": {"name": "Can add session", "content_type": 6, "codename": "add_session"}}, {"model": "auth.permission", "pk": 22, "fields": {"name": "Can change session", "content_type": 6, "codename": "change_session"}}, {"model": "auth.permission", "pk": 23, "fields": {"name": "Can delete session", "content_type": 6, "codename": "delete_session"}}, {"model": "auth.permission", "pk": 24, "fields": {"name": "Can view session", "content_type": 6, "codename": "view_session"}}, {"model": "auth.permission", "pk": 25, "fields": {"name": "Can add blog", "content_type": 7, "codename": "add_blog"}}, {"model": "auth.permission", "pk": 26, "fields": {"name": "Can change blog", "content_type": 7, "codename": "change_blog"}}, {"model": "auth.permission", "pk": 27, "fields": {"name": "Can delete blog", "content_type": 7, "codename": "delete_blog"}}, {"model": "auth.permission", "pk": 28, "fields": {"name": "Can view blog", "content_type": 7, "codename": "view_blog"}}, {"model": "auth.permission", "pk": 29, "fields": {"name": "Can add blog type", "content_type": 8, "codename": "add_blogtype"}}, {"model": "auth.permission", "pk": 30, "fields": {"name": "Can change blog type", "content_type": 8, "codename": "change_blogtype"}}, {"model": "auth.permission", "pk": 31, "fields": {"name": "Can delete blog type", "content_type": 8, "codename": "delete_blogtype"}}, {"model": "auth.permission", "pk": 32, "fields": {"name": "Can view blog type", "content_type": 8, "codename": "view_blogtype"}}, {"model": "auth.permission", "pk": 33, "fields": {"name": "Can add read num", "content_type": 9, "codename": "add_readnum"}}, {"model": "auth.permission", "pk": 34, "fields": {"name": "Can change read num", "content_type": 9, "codename": "change_readnum"}}, {"model": "auth.permission", "pk": 35, "fields": {"name": "Can delete read num", "content_type": 9, "codename": "delete_readnum"}}, {"model": "auth.permission", "pk": 36, "fields": {"name": "Can view read num", "content_type": 9, "codename": "view_readnum"}}, {"model": "auth.permission", "pk": 37, "fields": {"name": "Can add read detail", "content_type": 10, "codename": "add_readdetail"}}, {"model": "auth.permission", "pk": 38, "fields": {"name": "Can change read detail", "content_type": 10, "codename": "change_readdetail"}}, {"model": "auth.permission", "pk": 39, "fields": {"name": "Can delete read detail", "content_type": 10, "codename": "delete_readdetail"}}, {"model": "auth.permission", "pk": 40, "fields": {"name": "Can view read detail", "content_type": 10, "codename": "view_readdetail"}}, {"model": "auth.permission", "pk": 41, "fields": {"name": "Can add comment", "content_type": 11, "codename": "add_comment"}}, {"model": "auth.permission", "pk": 42, "fields": {"name": "Can change comment", "content_type": 11, "codename": "change_comment"}}, {"model": "auth.permission", "pk": 43, "fields": {"name": "Can delete comment", "content_type": 11, "codename": "delete_comment"}}, {"model": "auth.permission", "pk": 44, "fields": {"name": "Can view comment", "content_type": 11, "codename": "view_comment"}}, {"model": "auth.permission", "pk": 45, "fields": {"name": "Can add like record", "content_type": 12, "codename": "add_likerecord"}}, {"model": "auth.permission", "pk": 46, "fields": {"name": "Can change like record", "content_type": 12, "codename": "change_likerecord"}}, {"model": "auth.permission", "pk": 47, "fields": {"name": "Can delete like record", "content_type": 12, "codename": "delete_likerecord"}}, {"model": "auth.permission", "pk": 48, "fields": {"name": "Can view like record", "content_type": 12, "codename": "view_likerecord"}}, {"model": "auth.permission", "pk": 49, "fields": {"name": "Can add like count", "content_type": 13, "codename": "add_likecount"}}, {"model": "auth.permission", "pk": 50, "fields": {"name": "Can change like count", "content_type": 13, "codename": "change_likecount"}}, {"model": "auth.permission", "pk": 51, "fields": {"name": "Can delete like count", "content_type": 13, "codename": "delete_likecount"}}, {"model": "auth.permission", "pk": 52, "fields": {"name": "Can view like count", "content_type": 13, "codename": "view_likecount"}}, {"model": "auth.permission", "pk": 53, "fields": {"name": "Can add profile", "content_type": 14, "codename": "add_profile"}}, {"model": "auth.permission", "pk": 54, "fields": {"name": "Can change profile", "content_type": 14, "codename": "change_profile"}}, {"model": "auth.permission", "pk": 55, "fields": {"name": "Can delete profile", "content_type": 14, "codename": "delete_profile"}}, {"model": "auth.permission", "pk": 56, "fields": {"name": "Can view profile", "content_type": 14, "codename": "view_profile"}}, {"model": "auth.user", "pk": 1, "fields": {"password": "pbkdf2_sha256$150000$9d8EN0lFsINl$U/dNo8YEYnjJf4bsHSFQdGi88TQ06KipjJWkdQst1es=", "last_login": "2020-05-30T03:26:00Z", "is_superuser": true, "username": "cj", "first_name": "", "last_name": "", "email": "761054834@qq.com", "is_staff": true, "is_active": true, "date_joined": "2020-05-07T14:15:00Z", "groups": [], "user_permissions": []}}, {"model": "auth.user", "pk": 2, "fields": {"password": "pbkdf2_sha256$150000$B9XvhTqtWnSb$PzYKaeQT5025yTNpJyVu/3IhJrbTzUz4dNXMsCTzbhQ=", "last_login": "2020-05-14T12:34:17.355Z", "is_superuser": false, "username": "cj2", "first_name": "", "last_name": "", "email": "123@qq.com", "is_staff": false, "is_active": true, "date_joined": "2020-05-14T12:34:17.018Z", "groups": [], "user_permissions": []}}, {"model": "comment.comment", "pk": 1, "fields": {"content_type": 7, "object_id": 30, "text": "123", "comment_time": "2020-05-18T12:57:17.002Z", "user": 1, "root": null, "parent": null, "reply_to": null}}, {"model": "comment.comment", "pk": 2, "fields": {"content_type": 7, "object_id": 30, "text": "345", "comment_time": "2020-05-18T12:58:45.452Z", "user": 1, "root": 1, "parent": 1, "reply_to": 1}}, {"model": "comment.comment", "pk": 3, "fields": {"content_type": 7, "object_id": 30, "text": "<p>456</p>", "comment_time": "2020-05-18T12:59:20.837Z", "user": 1, "root": null, "parent": null, "reply_to": null}}, {"model": "comment.comment", "pk": 4, "fields": {"content_type": 7, "object_id": 30, "text": "<p>567</p>", "comment_time": "2020-05-18T12:59:43.022Z", "user": 1, "root": null, "parent": null, "reply_to": null}}, {"model": "comment.comment", "pk": 5, "fields": {"content_type": 7, "object_id": 30, "text": "<p>\u6c34\u7535\u8d39</p>", "comment_time": "2020-05-18T13:36:10.881Z", "user": 1, "root": null, "parent": null, "reply_to": null}}, {"model": "comment.comment", "pk": 6, "fields": {"content_type": 7, "object_id": 30, "text": "<p>\u597d\u8d35</p>", "comment_time": "2020-05-18T13:36:19.888Z", "user": 1, "root": 5, "parent": 5, "reply_to": 1}}, {"model": "comment.comment", "pk": 7, "fields": {"content_type": 7, "object_id": 30, "text": "<p>\u8bf4\u5f97\u5bf9</p>", "comment_time": "2020-05-18T13:36:31.356Z", "user": 1, "root": 5, "parent": 6, "reply_to": 1}}, {"model": "comment.comment", "pk": 8, "fields": {"content_type": 7, "object_id": 30, "text": "<p>next</p>", "comment_time": "2020-05-30T01:39:27.293Z", "user": 1, "root": null, "parent": null, "reply_to": null}}, {"model": "comment.comment", "pk": 9, "fields": {"content_type": 7, "object_id": 30, "text": "<p>33</p>", "comment_time": "2020-05-30T01:39:39.958Z", "user": 1, "root": 8, "parent": 8, "reply_to": 1}}, {"model": "comment.comment", "pk": 10, "fields": {"content_type": 7, "object_id": 30, "text": "<p>11</p>", "comment_time": "2020-05-30T02:12:53.519Z", "user": 1, "root": null, "parent": null, "reply_to": null}}, {"model": "comment.comment", "pk": 11, "fields": {"content_type": 7, "object_id": 30, "text": "<p>11</p>", "comment_time": "2020-05-30T02:12:55.143Z", "user": 1, "root": null, "parent": null, "reply_to": null}}, {"model": "comment.comment", "pk": 12, "fields": {"content_type": 7, "object_id": 30, "text": "<p>1122</p>", "comment_time": "2020-05-30T02:13:04.671Z", "user": 1, "root": null, "parent": null, "reply_to": null}}, {"model": "comment.comment", "pk": 13, "fields": {"content_type": 7, "object_id": 30, "text": "<p>1122</p>", "comment_time": "2020-05-30T02:13:06.254Z", "user": 1, "root": null, "parent": null, "reply_to": null}}, {"model": "comment.comment", "pk": 14, "fields": {"content_type": 7, "object_id": 30, "text": "<p>3344</p>", "comment_time": "2020-05-30T02:13:30.569Z", "user": 1, "root": null, "parent": null, "reply_to": null}}, {"model": "comment.comment", "pk": 15, "fields": {"content_type": 7, "object_id": 30, "text": "<p>4455</p>", "comment_time": "2020-05-30T02:13:50.115Z", "user": 1, "root": 14, "parent": 14, "reply_to": 1}}, {"model": "comment.comment", "pk": 16, "fields": {"content_type": 7, "object_id": 30, "text": "<p>3322</p>", "comment_time": "2020-05-30T02:13:56.050Z", "user": 1, "root": 14, "parent": 15, "reply_to": 1}}, {"model": "comment.comment", "pk": 17, "fields": {"content_type": 7, "object_id": 30, "text": "<p>1111</p>", "comment_time": "2020-05-30T02:14:02.510Z", "user": 1, "root": null, "parent": null, "reply_to": null}}, {"model": "comment.comment", "pk": 18, "fields": {"content_type": 7, "object_id": 30, "text": "<p>\u65b9\u6cd5</p>", "comment_time": "2020-05-30T02:15:38.590Z", "user": 1, "root": 17, "parent": 17, "reply_to": 1}}, {"model": "blog.blog", "pk": 1, "fields": {"title": "title for blog 0 ", "blog_type": 1, "content": "content for blog 0", "author": 1, "create_time": "2020-05-07T14:34:07.814Z", "last_update_time": "2020-05-07T14:34:07.814Z"}}, {"model": "blog.blog", "pk": 2, "fields": {"title": "title for blog 1 ", "blog_type": 1, "content": "content for blog 1", "author": 1, "create_time": "2020-05-07T14:34:07.826Z", "last_update_time": "2020-05-07T14:34:07.826Z"}}, {"model": "blog.blog", "pk": 3, "fields": {"title": "title for blog 2 ", "blog_type": 1, "content": "content for blog 2", "author": 1, "create_time": "2020-05-07T14:34:07.836Z", "last_update_time": "2020-05-07T14:34:07.836Z"}}, {"model": "blog.blog", "pk": 4, "fields": {"title": "title for blog 3 ", "blog_type": 1, "content": "content for blog 3", "author": 1, "create_time": "2020-05-07T14:34:07.846Z", "last_update_time": "2020-05-07T14:34:07.846Z"}}, {"model": "blog.blog", "pk": 5, "fields": {"title": "title for blog 4 ", "blog_type": 1, "content": "content for blog 4", "author": 1, "create_time": "2020-05-07T14:34:07.854Z", "last_update_time": "2020-05-07T14:34:07.854Z"}}, {"model": "blog.blog", "pk": 6, "fields": {"title": "title for blog 5 ", "blog_type": 1, "content": "content for blog 5", "author": 1, "create_time": "2020-05-07T14:34:07.864Z", "last_update_time": "2020-05-07T14:34:07.865Z"}}, {"model": "blog.blog", "pk": 7, "fields": {"title": "title for blog 6 ", "blog_type": 1, "content": "content for blog 6", "author": 1, "create_time": "2020-05-07T14:34:07.874Z", "last_update_time": "2020-05-07T14:34:07.874Z"}}, {"model": "blog.blog", "pk": 8, "fields": {"title": "title for blog 7 ", "blog_type": 1, "content": "content for blog 7", "author": 1, "create_time": "2020-05-07T14:34:07.882Z", "last_update_time": "2020-05-07T14:34:07.882Z"}}, {"model": "blog.blog", "pk": 9, "fields": {"title": "title for blog 8 ", "blog_type": 1, "content": "content for blog 8", "author": 1, "create_time": "2020-05-07T14:34:07.891Z", "last_update_time": "2020-05-07T14:34:07.891Z"}}, {"model": "blog.blog", "pk": 10, "fields": {"title": "title for blog 9 ", "blog_type": 1, "content": "content for blog 9", "author": 1, "create_time": "2020-05-07T14:34:07.900Z", "last_update_time": "2020-05-07T14:34:07.901Z"}}, {"model": "blog.blog", "pk": 11, "fields": {"title": "title for blog 10 ", "blog_type": 1, "content": "content for blog 10", "author": 1, "create_time": "2020-05-07T14:34:07.909Z", "last_update_time": "2020-05-07T14:34:07.909Z"}}, {"model": "blog.blog", "pk": 12, "fields": {"title": "title for blog 11 ", "blog_type": 1, "content": "content for blog 11", "author": 1, "create_time": "2020-05-07T14:34:07.918Z", "last_update_time": "2020-05-07T14:34:07.918Z"}}, {"model": "blog.blog", "pk": 13, "fields": {"title": "title for blog 12 ", "blog_type": 1, "content": "content for blog 12", "author": 1, "create_time": "2020-05-07T14:34:07.927Z", "last_update_time": "2020-05-07T14:34:07.927Z"}}, {"model": "blog.blog", "pk": 14, "fields": {"title": "title for blog 13 ", "blog_type": 1, "content": "content for blog 13", "author": 1, "create_time": "2020-05-07T14:34:07.937Z", "last_update_time": "2020-05-07T14:34:07.937Z"}}, {"model": "blog.blog", "pk": 15, "fields": {"title": "title for blog 14 ", "blog_type": 1, "content": "content for blog 14", "author": 1, "create_time": "2020-05-07T14:34:07.946Z", "last_update_time": "2020-05-07T14:34:07.946Z"}}, {"model": "blog.blog", "pk": 16, "fields": {"title": "title for blog 15 ", "blog_type": 1, "content": "content for blog 15", "author": 1, "create_time": "2020-05-07T14:34:07.956Z", "last_update_time": "2020-05-07T14:34:07.956Z"}}, {"model": "blog.blog", "pk": 17, "fields": {"title": "title for blog 16 ", "blog_type": 1, "content": "content for blog 16", "author": 1, "create_time": "2020-05-07T14:34:07.964Z", "last_update_time": "2020-05-07T14:34:07.964Z"}}, {"model": "blog.blog", "pk": 18, "fields": {"title": "title for blog 17 ", "blog_type": 1, "content": "content for blog 17", "author": 1, "create_time": "2020-05-07T14:34:07.974Z", "last_update_time": "2020-05-07T14:34:07.974Z"}}, {"model": "blog.blog", "pk": 19, "fields": {"title": "title for blog 18 ", "blog_type": 1, "content": "content for blog 18", "author": 1, "create_time": "2020-05-07T14:34:07.983Z", "last_update_time": "2020-05-07T14:34:07.983Z"}}, {"model": "blog.blog", "pk": 20, "fields": {"title": "title for blog 19 ", "blog_type": 1, "content": "content for blog 19", "author": 1, "create_time": "2020-05-07T14:34:07.991Z", "last_update_time": "2020-05-07T14:34:07.991Z"}}, {"model": "blog.blog", "pk": 21, "fields": {"title": "title for blog 20 ", "blog_type": 1, "content": "content for blog 20", "author": 1, "create_time": "2020-05-07T14:34:07.999Z", "last_update_time": "2020-05-07T14:34:07.999Z"}}, {"model": "blog.blog", "pk": 22, "fields": {"title": "title for blog 21 ", "blog_type": 1, "content": "content for blog 21", "author": 1, "create_time": "2020-05-07T14:34:08.010Z", "last_update_time": "2020-05-07T14:34:08.010Z"}}, {"model": "blog.blog", "pk": 23, "fields": {"title": "title for blog 22 ", "blog_type": 1, "content": "content for blog 22", "author": 1, "create_time": "2020-05-07T14:34:08.018Z", "last_update_time": "2020-05-07T14:34:08.018Z"}}, {"model": "blog.blog", "pk": 24, "fields": {"title": "title for blog 23 ", "blog_type": 1, "content": "content for blog 23", "author": 1, "create_time": "2020-05-07T14:34:08.027Z", "last_update_time": "2020-05-07T14:34:08.027Z"}}, {"model": "blog.blog", "pk": 25, "fields": {"title": "title for blog 24 ", "blog_type": 1, "content": "content for blog 24", "author": 1, "create_time": "2020-05-07T14:34:08.036Z", "last_update_time": "2020-05-07T14:34:08.036Z"}}, {"model": "blog.blog", "pk": 26, "fields": {"title": "title for blog 25 ", "blog_type": 1, "content": "content for blog 25", "author": 1, "create_time": "2020-05-07T14:34:08.044Z", "last_update_time": "2020-05-07T14:34:08.044Z"}}, {"model": "blog.blog", "pk": 27, "fields": {"title": "title for blog 26 ", "blog_type": 1, "content": "content for blog 26", "author": 1, "create_time": "2020-05-07T14:34:08.053Z", "last_update_time": "2020-05-07T14:34:08.053Z"}}, {"model": "blog.blog", "pk": 28, "fields": {"title": "title for blog 27 ", "blog_type": 1, "content": "content for blog 27", "author": 1, "create_time": "2020-05-07T14:34:08.063Z", "last_update_time": "2020-05-07T14:34:08.063Z"}}, {"model": "blog.blog", "pk": 29, "fields": {"title": "title for blog 28 ", "blog_type": 1, "content": "content for blog 28", "author": 1, "create_time": "2020-05-07T14:34:08.075Z", "last_update_time": "2020-05-07T14:34:08.075Z"}}, {"model": "blog.blog", "pk": 30, "fields": {"title": "title for blog 29 ", "blog_type": 1, "content": "content for blog 29", "author": 1, "create_time": "2020-05-07T14:34:08.084Z", "last_update_time": "2020-05-07T14:34:08.084Z"}}, {"model": "likes.likerecord", "pk": 24, "fields": {"user": 1, "liked_time": "2020-05-27T05:25:14.820Z", "content_type": 11, "object_id": 5}}, {"model": "likes.likerecord", "pk": 27, "fields": {"user": 1, "liked_time": "2020-05-27T05:28:29.265Z", "content_type": 11, "object_id": 6}}, {"model": "likes.likerecord", "pk": 52, "fields": {"user": 1, "liked_time": "2020-05-30T02:18:25.408Z", "content_type": 11, "object_id": 18}}, {"model": "user.profile", "pk": 1, "fields": {"user": 1, "nickname": "ccjj"}}, {"model": "admin.logentry", "pk": 1, "fields": {"action_time": "2020-05-07T14:22:43.563Z", "user": 1, "content_type": 8, "object_id": "2", "object_repr": "django", "action_flag": 1, "change_message": "[{\"added\": {}}]"}}, {"model": "admin.logentry", "pk": 2, "fields": {"action_time": "2020-05-07T14:22:49.288Z", "user": 1, "content_type": 8, "object_id": "3", "object_repr": "\u611f\u609f", "action_flag": 1, "change_message": "[{\"added\": {}}]"}}, {"model": "admin.logentry", "pk": 3, "fields": {"action_time": "2020-05-08T02:20:51.151Z", "user": 1, "content_type": 9, "object_id": "1", "object_repr": "ReadNum object (1)", "action_flag": 1, "change_message": "[{\"added\": {}}]"}}, {"model": "admin.logentry", "pk": 4, "fields": {"action_time": "2020-05-08T03:11:24.891Z", "user": 1, "content_type": 10, "object_id": "1", "object_repr": "ReadDetail object (1)", "action_flag": 1, "change_message": "[{\"added\": {}}]"}}, {"model": "admin.logentry", "pk": 5, "fields": {"action_time": "2020-05-08T03:41:52.530Z", "user": 1, "content_type": 10, "object_id": "6", "object_repr": "ReadDetail object (6)", "action_flag": 1, "change_message": "[{\"added\": {}}]"}}, {"model": "admin.logentry", "pk": 6, "fields": {"action_time": "2020-05-18T12:35:07.811Z", "user": 1, "content_type": 11, "object_id": "1", "object_repr": "111", "action_flag": 3, "change_message": ""}}, {"model": "admin.logentry", "pk": 7, "fields": {"action_time": "2020-05-18T12:35:07.821Z", "user": 1, "content_type": 11, "object_id": "2", "object_repr": "222333", "action_flag": 3, "change_message": ""}}, {"model": "admin.logentry", "pk": 8, "fields": {"action_time": "2020-05-18T12:35:07.830Z", "user": 1, "content_type": 11, "object_id": "3", "object_repr": "111", "action_flag": 3, "change_message": ""}}, {"model": "admin.logentry", "pk": 9, "fields": {"action_time": "2020-05-18T12:35:07.838Z", "user": 1, "content_type": 11, "object_id": "4", "object_repr": "222", "action_flag": 3, "change_message": ""}}, {"model": "admin.logentry", "pk": 10, "fields": {"action_time": "2020-05-18T12:35:07.848Z", "user": 1, "content_type": 11, "object_id": "5", "object_repr": "333", "action_flag": 3, "change_message": ""}}, {"model": "admin.logentry", "pk": 11, "fields": {"action_time": "2020-05-18T12:35:07.857Z", "user": 1, "content_type": 11, "object_id": "6", "object_repr": "hhhhh\u54e6\u54e6\u54e6", "action_flag": 3, "change_message": ""}}, {"model": "admin.logentry", "pk": 12, "fields": {"action_time": "2020-05-18T12:35:07.867Z", "user": 1, "content_type": 11, "object_id": "7", "object_repr": "\u67d3\u8272\u662f", "action_flag": 3, "change_message": ""}}, {"model": "admin.logentry", "pk": 13, "fields": {"action_time": "2020-05-18T12:35:07.876Z", "user": 1, "content_type": 11, "object_id": "8", "object_repr": "\u53bb\u53bb\u53bb", "action_flag": 3, "change_message": ""}}, {"model": "admin.logentry", "pk": 14, "fields": {"action_time": "2020-05-18T12:35:07.885Z", "user": 1, "content_type": 11, "object_id": "9", "object_repr": "<p>df<strong>adf 1222&nbsp;</strong></p>\r\n\r\n<p><span style=\"color:#16a085\"><strong>dasggdas\u963f\u9053\u592b</strong></span></p>", "action_flag": 3, "change_message": ""}}, {"model": "admin.logentry", "pk": 15, "fields": {"action_time": "2020-05-18T12:35:07.893Z", "user": 1, "content_type": 11, "object_id": "10", "object_repr": "<p>big one GTAV is \u514d\u8d39\u5566</p>", "action_flag": 3, "change_message": ""}}, {"model": "admin.logentry", "pk": 16, "fields": {"action_time": "2020-05-18T12:35:07.902Z", "user": 1, "content_type": 11, "object_id": "11", "object_repr": "<p>sadf&nbsp;</p>", "action_flag": 3, "change_message": ""}}, {"model": "admin.logentry", "pk": 17, "fields": {"action_time": "2020-05-18T12:38:02.987Z", "user": 1, "content_type": 11, "object_id": "13", "object_repr": "\u8fd9\u662f\u5bf9\u7b2c\u4e00\u6761\u8bc4\u8bba\u7684\u56de\u590d", "action_flag": 1, "change_message": "[{\"added\": {}}]"}}, {"model": "admin.logentry", "pk": 18, "fields": {"action_time": "2020-05-18T12:52:03.283Z", "user": 1, "content_type": 11, "object_id": "12", "object_repr": "<p>\u8fd9\u662f\u7b2c\u4e00\u6761\u8bc4\u8bba</p>\r\n\r\n<p>&nbsp;</p>", "action_flag": 3, "change_message": ""}}, {"model": "admin.logentry", "pk": 19, "fields": {"action_time": "2020-05-18T12:52:03.294Z", "user": 1, "content_type": 11, "object_id": "13", "object_repr": "\u8fd9\u662f\u5bf9\u7b2c\u4e00\u6761\u8bc4\u8bba\u7684\u56de\u590d", "action_flag": 3, "change_message": ""}}, {"model": "admin.logentry", "pk": 20, "fields": {"action_time": "2020-05-18T12:57:17.005Z", "user": 1, "content_type": 11, "object_id": "1", "object_repr": "123", "action_flag": 1, "change_message": "[{\"added\": {}}]"}}, {"model": "admin.logentry", "pk": 21, "fields": {"action_time": "2020-05-18T12:58:02.282Z", "user": 1, "content_type": 11, "object_id": "1", "object_repr": "123", "action_flag": 2, "change_message": "[{\"changed\": {\"fields\": [\"root\", \"parent\", \"reply_to\"]}}]"}}, {"model": "admin.logentry", "pk": 22, "fields": {"action_time": "2020-05-18T12:58:27.362Z", "user": 1, "content_type": 11, "object_id": "1", "object_repr": "123", "action_flag": 2, "change_message": "[{\"changed\": {\"fields\": [\"root\", \"parent\", \"reply_to\"]}}]"}}, {"model": "admin.logentry", "pk": 23, "fields": {"action_time": "2020-05-18T12:58:45.459Z", "user": 1, "content_type": 11, "object_id": "2", "object_repr": "345", "action_flag": 1, "change_message": "[{\"added\": {}}]"}}, {"model": "admin.logentry", "pk": 24, "fields": {"action_time": "2020-05-30T04:58:04.376Z", "user": 1, "content_type": 14, "object_id": "1", "object_repr": "<Profile: chengjin for cj>", "action_flag": 1, "change_message": "[{\"added\": {}}]"}}, {"model": "admin.logentry", "pk": 25, "fields": {"action_time": "2020-05-31T04:31:12.735Z", "user": 1, "content_type": 4, "object_id": "1", "object_repr": "cj", "action_flag": 2, "change_message": "[{\"changed\": {\"fields\": [\"email\", \"last_login\"]}}]"}}]